{
    "name": "root",
    "gauges": {
        "VirtualAquarium.Policy.Entropy.mean": {
            "value": 0.4097959101200104,
            "min": 0.38738512992858887,
            "max": 1.0937869548797607,
            "count": 189
        },
        "VirtualAquarium.Policy.Entropy.sum": {
            "value": 4086.074951171875,
            "min": 3820.26953125,
            "max": 10912.712890625,
            "count": 189
        },
        "VirtualAquarium.Step.mean": {
            "value": 3039943.0,
            "min": 1159996.0,
            "max": 3039943.0,
            "count": 189
        },
        "VirtualAquarium.Step.sum": {
            "value": 3039943.0,
            "min": 1159996.0,
            "max": 3039943.0,
            "count": 189
        },
        "VirtualAquarium.Policy.ExtrinsicValueEstimate.mean": {
            "value": 12.561749458312988,
            "min": -105.75914001464844,
            "max": 13.176508903503418,
            "count": 189
        },
        "VirtualAquarium.Policy.ExtrinsicValueEstimate.sum": {
            "value": 2864.078857421875,
            "min": -18084.8125,
            "max": 3070.12646484375,
            "count": 189
        },
        "VirtualAquarium.Losses.PolicyLoss.mean": {
            "value": 0.23587899735741072,
            "min": 0.2343105549862563,
            "max": 0.2518611234706249,
            "count": 189
        },
        "VirtualAquarium.Losses.PolicyLoss.sum": {
            "value": 20.28559377273732,
            "min": 8.15011454237939,
            "max": 21.711851508416913,
            "count": 189
        },
        "VirtualAquarium.Losses.ValueLoss.mean": {
            "value": 0.15930619196528906,
            "min": 0.07238308269914136,
            "max": 112.32730697625951,
            "count": 189
        },
        "VirtualAquarium.Losses.ValueLoss.sum": {
            "value": 13.70033250901486,
            "min": 6.224945112126156,
            "max": 9210.83917205328,
            "count": 189
        },
        "VirtualAquarium.Policy.LearningRate.mean": {
            "value": 0.00011790061883934884,
            "min": 0.00011790061883934884,
            "max": 0.00023051964904247766,
            "count": 189
        },
        "VirtualAquarium.Policy.LearningRate.sum": {
            "value": 0.010139453220184001,
            "min": 0.00783766806744424,
            "max": 0.019914373461876196,
            "count": 189
        },
        "VirtualAquarium.Policy.Epsilon.mean": {
            "value": 0.13930018604651168,
            "min": 0.13930018604651168,
            "max": 0.17683987529411765,
            "count": 189
        },
        "VirtualAquarium.Policy.Epsilon.sum": {
            "value": 11.979816000000003,
            "min": 6.012555760000001,
            "max": 15.408859880000001,
            "count": 189
        },
        "VirtualAquarium.Policy.Beta.mean": {
            "value": 0.00020257091162790696,
            "min": 0.00020257091162790696,
            "max": 0.00038651538894117656,
            "count": 189
        },
        "VirtualAquarium.Policy.Beta.sum": {
            "value": 0.017421098399999998,
            "min": 0.013141523224000003,
            "max": 0.03339680662,
            "count": 189
        },
        "VirtualAquarium.Environment.EpisodeLength.mean": {
            "value": 86.47368421052632,
            "min": 82.53781512605042,
            "max": 475.8181818181818,
            "count": 189
        },
        "VirtualAquarium.Environment.EpisodeLength.sum": {
            "value": 9858.0,
            "min": 4001.0,
            "max": 10746.0,
            "count": 189
        },
        "VirtualAquarium.Environment.CumulativeReward.mean": {
            "value": 10.749088513223748,
            "min": -343.7927666875449,
            "max": 10.975081826078481,
            "count": 189
        },
        "VirtualAquarium.Environment.CumulativeReward.sum": {
            "value": 1225.3960905075073,
            "min": -9302.041113644838,
            "max": 1276.2314052581787,
            "count": 189
        },
        "VirtualAquarium.Policy.ExtrinsicReward.mean": {
            "value": 10.749088513223748,
            "min": -343.7927666875449,
            "max": 10.975081826078481,
            "count": 189
        },
        "VirtualAquarium.Policy.ExtrinsicReward.sum": {
            "value": 1225.3960905075073,
            "min": -9302.041113644838,
            "max": 1276.2314052581787,
            "count": 189
        },
        "VirtualAquarium.IsTraining.mean": {
            "value": 1.0,
            "min": 1.0,
            "max": 1.0,
            "count": 189
        },
        "VirtualAquarium.IsTraining.sum": {
            "value": 1.0,
            "min": 1.0,
            "max": 1.0,
            "count": 189
        }
    },
    "metadata": {
        "timer_format_version": "0.1.0",
        "start_time_seconds": "1635350236",
        "python_version": "3.9.6 (tags/v3.9.6:db3ff76, Jun 28 2021, 15:26:21) [MSC v.1929 64 bit (AMD64)]",
        "command_line_arguments": "C:\\Users\\carlo\\AppData\\Local\\Programs\\Python\\Python39\\Scripts\\mlagents-learn config/VirtualAquarium.yaml --run-id=VirtualAquariumReproducao --resume",
        "mlagents_version": "0.27.0",
        "mlagents_envs_version": "0.27.0",
        "communication_protocol_version": "1.5.0",
        "pytorch_version": "1.7.1+cu110",
        "numpy_version": "1.21.2",
        "end_time_seconds": "1635449837"
    },
    "total": 99601.3528274,
    "count": 1,
    "self": 0.03360229999816511,
    "children": {
        "run_training.setup": {
            "total": 0.15498879999999993,
            "count": 1,
            "self": 0.15498879999999993
        },
        "TrainerController.start_learning": {
            "total": 99601.1642363,
            "count": 1,
            "self": 33.64217370026745,
            "children": {
                "TrainerController._reset_env": {
                    "total": 43.395415799999995,
                    "count": 1,
                    "self": 43.395415799999995
                },
                "TrainerController.advance": {
                    "total": 99523.88139349975,
                    "count": 1867563,
                    "self": 32.89265920883918,
                    "children": {
                        "env_step": {
                            "total": 95159.70448169755,
                            "count": 1867563,
                            "self": 89143.67062529066,
                            "children": {
                                "SubprocessEnvManager._take_step": {
                                    "total": 5995.368453306057,
                                    "count": 1867563,
                                    "self": 83.26374360086993,
                                    "children": {
                                        "TorchPolicy.evaluate": {
                                            "total": 5912.104709705187,
                                            "count": 1853449,
                                            "self": 2215.7461536041455,
                                            "children": {
                                                "TorchPolicy.sample_actions": {
                                                    "total": 3696.3585561010414,
                                                    "count": 1853449,
                                                    "self": 3696.3585561010414
                                                }
                                            }
                                        }
                                    }
                                },
                                "workers": {
                                    "total": 20.665403100831156,
                                    "count": 1867562,
                                    "self": 0.0,