{
    "name": "root",
    "gauges": {
        "VirtualAquarium.Policy.Entropy.mean": {
            "value": 0.07584057748317719,
            "min": -0.029405713081359863,
            "max": 2.4967100620269775,
            "count": 300
        },
        "VirtualAquarium.Policy.Entropy.sum": {
            "value": 757.8748779296875,
            "min": -295.968505859375,
            "max": 25438.978515625,
            "count": 300
        },
        "VirtualAquarium.Step.mean": {
            "value": 2999992.0,
            "min": 9975.0,
            "max": 2999992.0,
            "count": 300
        },
        "VirtualAquarium.Step.sum": {
            "value": 2999992.0,
            "min": 9975.0,
            "max": 2999992.0,
            "count": 300
        },
        "VirtualAquarium.Policy.ExtrinsicValueEstimate.mean": {
            "value": 4.31670618057251,
            "min": -21.687835693359375,
            "max": 7.900805473327637,
            "count": 300
        },
        "VirtualAquarium.Policy.ExtrinsicValueEstimate.sum": {
            "value": 798.5906372070312,
            "min": -3751.99560546875,
            "max": 1540.6571044921875,
            "count": 300
        },
        "VirtualAquarium.Losses.PolicyLoss.mean": {
            "value": 0.2376009680266557,
            "min": 0.23297869859213505,
            "max": 0.2540340670405532,
            "count": 300
        },
        "VirtualAquarium.Losses.PolicyLoss.sum": {
            "value": 18.057673570025834,
            "min": 17.632232784408146,
            "max": 19.805528921379295,
            "count": 300
        },
        "VirtualAquarium.Losses.ValueLoss.mean": {
            "value": 6.785826029072346,
            "min": 0.2907353706069697,
            "max": 209.6005845472222,
            "count": 300
        },
        "VirtualAquarium.Losses.ValueLoss.sum": {
            "value": 515.7227782094983,
            "min": 22.386623536736664,
            "max": 16558.446179230556,
            "count": 300
        },
        "VirtualAquarium.Policy.LearningRate.mean": {
            "value": 0.00024009752891486537,
            "min": 0.00024009752891486537,
            "max": 0.0002998997776957451,
            "count": 300
        },
        "VirtualAquarium.Policy.LearningRate.sum": {
            "value": 0.018247412197529768,
            "min": 0.018082465352512036,
            "max": 0.0236447867984044,
            "count": 300
        },
        "VirtualAquarium.Policy.Epsilon.mean": {
            "value": 0.1800325029824561,
            "min": 0.1800325029824561,
            "max": 0.19996659255411256,
            "count": 300
        },
        "VirtualAquarium.Policy.Epsilon.sum": {
            "value": 13.682470226666664,
            "min": 13.527487960000002,
            "max": 15.784023233333333,
            "count": 300
        },
        "VirtualAquarium.Policy.Beta.mean": {
            "value": 0.0004021592646140352,
            "min": 0.0004021592646140352,
            "max": 0.0004998363035151515,
            "count": 300
        },
        "VirtualAquarium.Policy.Beta.sum": {
            "value": 0.030564104110666675,
            "min": 0.030284691004000004,
            "max": 0.03940981840733333,
            "count": 300
        },
        "VirtualAquarium.Environment.EpisodeLength.mean": {
            "value": 163.65573770491804,
            "min": 126.93506493506493,
            "max": 411.5,
            "count": 300
        },
        "VirtualAquarium.Environment.EpisodeLength.sum": {
            "value": 9983.0,
            "min": 9110.0,
            "max": 10833.0,
            "count": 300
        },
        "VirtualAquarium.Environment.CumulativeReward.mean": {
            "value": 6.851973513813048,
            "min": -69.78684902051464,
            "max": 13.52119140294583,
            "count": 300
        },
        "VirtualAquarium.Environment.CumulativeReward.sum": {
            "value": 417.97038434259593,
            "min": -2279.961359977722,
            "max": 875.9699981063604,
            "count": 300
        },
        "VirtualAquarium.Policy.ExtrinsicReward.mean": {
            "value": 6.851973513813048,
            "min": -69.78684902051464,
            "max": 13.52119140294583,
            "count": 300
        },
        "VirtualAquarium.Policy.ExtrinsicReward.sum": {
            "value": 417.97038434259593,
            "min": -2279.961359977722,
            "max": 875.9699981063604,
            "count": 300
        },
        "VirtualAquarium.IsTraining.mean": {
            "value": 1.0,
            "min": 1.0,
            "max": 1.0,
            "count": 300
        },
        "VirtualAquarium.IsTraining.sum": {
            "value": 1.0,
            "min": 1.0,
            "max": 1.0,
            "count": 300
        }
    },
    "metadata": {
        "timer_format_version": "0.1.0",
        "start_time_seconds": "1637645432",
        "python_version": "3.9.6 (tags/v3.9.6:db3ff76, Jun 28 2021, 15:26:21) [MSC v.1929 64 bit (AMD64)]",
        "command_line_arguments": "C:\\Users\\carlo\\AppData\\Local\\Programs\\Python\\Python39\\Scripts\\mlagents-learn config/VirtualAquarium.yaml --run-id=VirtualAquariumReproducao4",
        "mlagents_version": "0.27.0",
        "mlagents_envs_version": "0.27.0",
        "communication_protocol_version": "1.5.0",
        "pytorch_version": "1.7.1+cu110",
        "numpy_version": "1.21.2",
        "end_time_seconds": "1637715230"
    },
    "total": 69797.91073680001,
    "count": 1,
    "self": 0.018147700000554323,
    "children": {
        "run_training.setup": {
            "total": 0.16750280000000028,
            "count": 1,
            "self": 0.16750280000000028
        },
        "TrainerController.start_learning": {
            "total": 69797.72508630001,
            "count": 1,
            "self": 41.98389579616196,
            "children": {
                "TrainerController._reset_env": {
                    "total": 29.928735200000002,
                    "count": 1,
                    "self": 29.928735200000002
                },
                "TrainerController.advance": {
                    "total": 69725.66362210385,
                    "count": 2560046,
                    "self": 36.308661595292506,
                    "children": {
                        "env_step": {
                            "total": 62604.655053700626,
                            "count": 2560046,
                            "self": 53854.784758997375,
                            "children": {
                                "SubprocessEnvManager._take_step": {
                                    "total": 8723.59820429958,
                                    "count": 2560046,
                                    "self": 104.11657379863755,
                                    "children": {
                                        "TorchPolicy.evaluate": {
                                            "total": 8619.481630500943,
                                            "count": 2558387,
                                            "self": 3261.937052893736,
                                            "children": {
                                                "TorchPolicy.sample_actions": {
                                                    "total": 5357.5445776072065,
                                                    "count": 2558387,
                                                    "self": 5357.5445776072065
                                                }
                                            }
                                        }
                                    }
                                },
                                "workers": {
                                    "total": 26.272090403670177,
                                    "count": 2560045,
                                    "self": 0.0,