{
    "name": "root",
    "gauges": {
        "VirtualAquarium.Policy.Entropy.mean": {
            "value": -0.7133908867835999,
            "min": -0.8065127730369568,
            "max": 2.706019401550293,
            "count": 185
        },
        "VirtualAquarium.Policy.Entropy.sum": {
            "value": -7190.2666015625,
            "min": -8086.7001953125,
            "max": 27566.21875,
            "count": 185
        },
        "VirtualAquarium.Step.mean": {
            "value": 1849998.0,
            "min": 9994.0,
            "max": 1849998.0,
            "count": 185
        },
        "VirtualAquarium.Step.sum": {
            "value": 1849998.0,
            "min": 9994.0,
            "max": 1849998.0,
            "count": 185
        },
        "VirtualAquarium.Policy.ExtrinsicValueEstimate.mean": {
            "value": 5.284787654876709,
            "min": -35.5360221862793,
            "max": 20.871248245239258,
            "count": 185
        },
        "VirtualAquarium.Policy.ExtrinsicValueEstimate.sum": {
            "value": 1152.083740234375,
            "min": -6645.236328125,
            "max": 4402.328125,
            "count": 185
        },
        "VirtualAquarium.Losses.PolicyLoss.mean": {
            "value": 0.24195450510077454,
            "min": 0.23238389203759544,
            "max": 0.2623154209567845,
            "count": 185
        },
        "VirtualAquarium.Losses.PolicyLoss.sum": {
            "value": 18.14658788255809,
            "min": 17.590624690698647,
            "max": 20.198287413672407,
            "count": 185
        },
        "VirtualAquarium.Losses.ValueLoss.mean": {
            "value": 36.56139315394176,
            "min": 1.5768606036964803,
            "max": 245.52415867428016,
            "count": 185
        },
        "VirtualAquarium.Losses.ValueLoss.sum": {
            "value": 2742.104486545632,
            "min": 124.57198769202193,
            "max": 18905.360217919573,
            "count": 185
        },
        "VirtualAquarium.Policy.LearningRate.mean": {
            "value": 0.00026309902776699485,
            "min": 0.00026309902776699485,
            "max": 0.00029989671042404025,
            "count": 185
        },
        "VirtualAquarium.Policy.LearningRate.sum": {
            "value": 0.019732427082524612,
            "min": 0.019732427082524612,
            "max": 0.024178506700497773,
            "count": 185
        },
        "VirtualAquarium.Policy.Epsilon.mean": {
            "value": 0.18769967182222222,
            "min": 0.18769967182222222,
            "max": 0.19996557012987015,
            "count": 185
        },
        "VirtualAquarium.Policy.Epsilon.sum": {
            "value": 14.077475386666666,
            "min": 14.077475386666666,
            "max": 16.15950222,
            "count": 185
        },
        "VirtualAquarium.Policy.Beta.mean": {
            "value": 0.00043972839192888883,
            "min": 0.00043972839192888883,
            "max": 0.0004998312936363637,
            "count": 185
        },
        "VirtualAquarium.Policy.Beta.sum": {
            "value": 0.032979629394666664,
            "min": 0.032979629394666664,
            "max": 0.04030156087799999,
            "count": 185
        },
        "VirtualAquarium.Environment.EpisodeLength.mean": {
            "value": 97.27722772277228,
            "min": 78.032,
            "max": 195.77551020408163,
            "count": 185
        },
        "VirtualAquarium.Environment.EpisodeLength.sum": {
            "value": 9825.0,
            "min": 8610.0,
            "max": 11132.0,
            "count": 185
        },
        "VirtualAquarium.Environment.CumulativeReward.mean": {
            "value": 8.724560831442918,
            "min": -52.45647716109569,
            "max": 22.979205028099173,
            "count": 185
        },
        "VirtualAquarium.Environment.CumulativeReward.sum": {
            "value": 881.1806439757347,
            "min": -3728.8703259006143,
            "max": 2356.2174931168556,
            "count": 185
        },
        "VirtualAquarium.Policy.ExtrinsicReward.mean": {
            "value": 8.724560831442918,
            "min": -52.45647716109569,
            "max": 22.979205028099173,
            "count": 185
        },
        "VirtualAquarium.Policy.ExtrinsicReward.sum": {
            "value": 881.1806439757347,
            "min": -3728.8703259006143,
            "max": 2356.2174931168556,
            "count": 185
        },
        "VirtualAquarium.IsTraining.mean": {
            "value": 1.0,
            "min": 1.0,
            "max": 1.0,
            "count": 185
        },
        "VirtualAquarium.IsTraining.sum": {
            "value": 1.0,
            "min": 1.0,
            "max": 1.0,
            "count": 185
        }
    },
    "metadata": {
        "timer_format_version": "0.1.0",
        "start_time_seconds": "1638088354",
        "python_version": "3.9.6 (tags/v3.9.6:db3ff76, Jun 28 2021, 15:26:21) [MSC v.1929 64 bit (AMD64)]",
        "command_line_arguments": "C:\\Users\\carlo\\AppData\\Local\\Programs\\Python\\Python39\\Scripts\\mlagents-learn config/VirtualAquarium.yaml --run-id=VirtualAquariumReproducao7 --force",
        "mlagents_version": "0.27.0",
        "mlagents_envs_version": "0.27.0",
        "communication_protocol_version": "1.5.0",
        "pytorch_version": "1.7.1+cu110",
        "numpy_version": "1.21.2",
        "end_time_seconds": "1638155256"
    },
    "total": 66901.6103271,
    "count": 1,
    "self": 0.2706903000071179,
    "children": {
        "run_training.setup": {
            "total": 0.08068330000000001,
            "count": 1,
            "self": 0.08068330000000001
        },
        "TrainerController.start_learning": {
            "total": 66901.2589535,
            "count": 1,
            "self": 33.29543870520138,
            "children": {
                "TrainerController._reset_env": {
                    "total": 7.326019099999999,
                    "count": 1,
                    "self": 7.326019099999999
                },
                "TrainerController.advance": {
                    "total": 66856.56519529481,
                    "count": 1687834,
                    "self": 28.715004303929163,
                    "children": {
                        "env_step": {
                            "total": 61224.73194839205,
                            "count": 1687834,
                            "self": 53533.526868288915,
                            "children": {
                                "SubprocessEnvManager._take_step": {
                                    "total": 7671.210406100241,
                                    "count": 1687834,
                                    "self": 90.10044409979855,
                                    "children": {
                                        "TorchPolicy.evaluate": {
                                            "total": 7581.1099620004425,
                                            "count": 1684947,
                                            "self": 3288.076219200452,
                                            "children": {
                                                "TorchPolicy.sample_actions": {
                                                    "total": 4293.03374279999,
                                                    "count": 1684947,
                                                    "self": 4293.03374279999
                                                }
                                            }
                                        }
                                    }
                                },
                                "workers": {
                                    "total": 19.99467400289236,
                                    "count": 1687833,
                                    "self": 0.0,