{
    "name": "root",
    "gauges": {
        "VirtualAquarium.Policy.Entropy.mean": {
            "value": -0.4809454381465912,
            "min": -0.6870651245117188,
            "max": 1.409585952758789,
            "count": 424
        },
        "VirtualAquarium.Policy.Entropy.sum": {
            "value": -4826.28759765625,
            "min": -6876.8349609375,
            "max": 14109.955078125,
            "count": 424
        },
        "VirtualAquarium.Step.mean": {
            "value": 4239990.0,
            "min": 9946.0,
            "max": 4239990.0,
            "count": 424
        },
        "VirtualAquarium.Step.sum": {
            "value": 4239990.0,
            "min": 9946.0,
            "max": 4239990.0,
            "count": 424
        },
        "VirtualAquarium.Policy.ExtrinsicValueEstimate.mean": {
            "value": -112.58242797851562,
            "min": -129.49447631835938,
            "max": -77.02960968017578,
            "count": 424
        },
        "VirtualAquarium.Policy.ExtrinsicValueEstimate.sum": {
            "value": -18463.517578125,
            "min": -21237.09375,
            "max": -12475.5068359375,
            "count": 424
        },
        "VirtualAquarium.Losses.PolicyLoss.mean": {
            "value": 0.24203958318045296,
            "min": 0.23346230306895407,
            "max": 0.25603619312060644,
            "count": 424
        },
        "VirtualAquarium.Losses.PolicyLoss.sum": {
            "value": 18.87908748807533,
            "min": 18.39538555933181,
            "max": 20.482895449648517,
            "count": 424
        },
        "VirtualAquarium.Losses.ValueLoss.mean": {
            "value": 11.167064765057532,
            "min": 6.513439044266988,
            "max": 1163.3340911919763,
            "count": 424
        },
        "VirtualAquarium.Losses.ValueLoss.sum": {
            "value": 871.0310516744875,
            "min": 514.5616844970921,
            "max": 90740.05911297415,
            "count": 424
        },
        "VirtualAquarium.Policy.LearningRate.mean": {
            "value": 4.59006485459659e-05,
            "min": 4.59006485459659e-05,
            "max": 0.00029969836625439074,
            "count": 424
        },
        "VirtualAquarium.Policy.LearningRate.sum": {
            "value": 0.00358025058658534,
            "min": 0.00358025058658534,
            "max": 0.023832158155947296,
            "count": 424
        },
        "VirtualAquarium.Policy.Epsilon.mean": {
            "value": 0.11530018794871796,
            "min": 0.11530018794871796,
            "max": 0.1998994553846154,
            "count": 424
        },
        "VirtualAquarium.Policy.Epsilon.sum": {
            "value": 8.993414660000001,
            "min": 8.993414660000001,
            "max": 15.9440527,
            "count": 424
        },
        "VirtualAquarium.Policy.Beta.mean": {
            "value": 8.497092094871796e-05,
            "min": 8.497092094871796e-05,
            "max": 0.0004995073313846154,
            "count": 424
        },
        "VirtualAquarium.Policy.Beta.sum": {
            "value": 0.0066277318340000006,
            "min": 0.0066277318340000006,
            "max": 0.039725858229999994,
            "count": 424
        },
        "VirtualAquarium.Environment.EpisodeLength.mean": {
            "value": 476.85714285714283,
            "min": 446.27272727272725,
            "max": 498.75,
            "count": 424
        },
        "VirtualAquarium.Environment.EpisodeLength.sum": {
            "value": 10014.0,
            "min": 9545.0,
            "max": 10419.0,
            "count": 424
        },
        "VirtualAquarium.Environment.CumulativeReward.mean": {
            "value": -437.54093356359573,
            "min": -556.1272516900843,
            "max": -243.61298011541368,
            "count": 424
        },
        "VirtualAquarium.Environment.CumulativeReward.sum": {
            "value": -9188.35960483551,
            "min": -12234.799537181854,
            "max": -4872.259602308273,
            "count": 424
        },
        "VirtualAquarium.Policy.ExtrinsicReward.mean": {
            "value": -437.54093356359573,
            "min": -556.1272516900843,
            "max": -243.61298011541368,
            "count": 424
        },
        "VirtualAquarium.Policy.ExtrinsicReward.sum": {
            "value": -9188.35960483551,
            "min": -12234.799537181854,
            "max": -4872.259602308273,
            "count": 424
        },
        "VirtualAquarium.IsTraining.mean": {
            "value": 1.0,
            "min": 1.0,
            "max": 1.0,
            "count": 424
        },
        "VirtualAquarium.IsTraining.sum": {
            "value": 1.0,
            "min": 1.0,
            "max": 1.0,
            "count": 424
        }
    },
    "metadata": {
        "timer_format_version": "0.1.0",
        "start_time_seconds": "1631068233",
        "python_version": "3.9.6 (tags/v3.9.6:db3ff76, Jun 28 2021, 15:26:21) [MSC v.1929 64 bit (AMD64)]",
        "command_line_arguments": "C:\\Users\\carlo\\AppData\\Local\\Programs\\Python\\Python39\\Scripts\\mlagents-learn config/VirtualAquarium.yaml --run-id=VirtualAquarium --force",
        "mlagents_version": "0.27.0",
        "mlagents_envs_version": "0.27.0",
        "communication_protocol_version": "1.5.0",
        "pytorch_version": "1.7.1+cu110",
        "numpy_version": "1.21.2",
        "end_time_seconds": "1631096180"
    },
    "total": 27946.852053000002,
    "count": 1,
    "self": 0.004642100004275562,
    "children": {
        "run_training.setup": {
            "total": 0.06868669999999999,
            "count": 1,
            "self": 0.06868669999999999
        },
        "TrainerController.start_learning": {
            "total": 27946.778724199998,
            "count": 1,
            "self": 45.12334570208259,
            "children": {
                "TrainerController._reset_env": {
                    "total": 10.964213599999999,
                    "count": 1,
                    "self": 10.964213599999999
                },
                "TrainerController.advance": {
                    "total": 27890.653134697914,
                    "count": 4252806,
                    "self": 43.1900508028084,
                    "children": {
                        "env_step": {
                            "total": 22042.899407397723,
                            "count": 4252806,
                            "self": 18167.527132994637,
                            "children": {
                                "SubprocessEnvManager._take_step": {
                                    "total": 3846.591994100683,
                                    "count": 4252806,
                                    "self": 138.85942589886827,
                                    "children": {
                                        "TorchPolicy.evaluate": {
                                            "total": 3707.732568201815,
                                            "count": 4243947,
                                            "self": 1616.9915971066862,
                                            "children": {
                                                "TorchPolicy.sample_actions": {
                                                    "total": 2090.7409710951288,
                                                    "count": 4243947,
                                                    "self": 2090.7409710951288
                                                }
                                            }
                                        }
                                    }
                                },
                                "workers": {
                                    "total": 28.7802803024018,
                                    "count": 4252805,
                                    "self": 0.0,