{
    "name": "root",
    "gauges": {
        "VirtualAquarium.Policy.Entropy.mean": {
            "value": 1.879143238067627,
            "min": 1.5004960298538208,
            "max": 1.982361078262329,
            "count": 77
        },
        "VirtualAquarium.Policy.Entropy.sum": {
            "value": 18674.92578125,
            "min": 14916.4306640625,
            "max": 19001.84765625,
            "count": 77
        },
        "VirtualAquarium.Step.mean": {
            "value": 1319985.0,
            "min": 559986.0,
            "max": 1319985.0,
            "count": 77
        },
        "VirtualAquarium.Step.sum": {
            "value": 1319985.0,
            "min": 559986.0,
            "max": 1319985.0,
            "count": 77
        },
        "VirtualAquarium.Policy.ExtrinsicValueEstimate.mean": {
            "value": 19.305408477783203,
            "min": 2.4846677780151367,
            "max": 31.515287399291992,
            "count": 77
        },
        "VirtualAquarium.Policy.ExtrinsicValueEstimate.sum": {
            "value": 4478.85498046875,
            "min": 573.958251953125,
            "max": 7090.939453125,
            "count": 77
        },
        "VirtualAquarium.Losses.PolicyLoss.mean": {
            "value": 0.2409812367802141,
            "min": 0.23103327516933275,
            "max": 0.24756807135832584,
            "count": 77
        },
        "VirtualAquarium.Losses.PolicyLoss.sum": {
            "value": 18.7965364688567,
            "min": 13.352883827353162,
            "max": 20.247831860243547,
            "count": 77
        },
        "VirtualAquarium.Losses.ValueLoss.mean": {
            "value": 108.66067357679684,
            "min": 27.64133609351029,
            "max": 156.58406253180237,
            "count": 77
        },
        "VirtualAquarium.Losses.ValueLoss.sum": {
            "value": 8475.532538990154,
            "min": 2266.589559667844,
            "max": 12996.477190139596,
            "count": 77
        },
        "VirtualAquarium.Policy.LearningRate.mean": {
            "value": 0.0002736992423566657,
            "min": 0.0002736992423566657,
            "max": 0.0002888731571634942,
            "count": 77
        },
        "VirtualAquarium.Policy.LearningRate.sum": {
            "value": 0.021348540903819924,
            "min": 0.015888023643992184,
            "max": 0.023640551559816255,
            "count": 77
        },
        "VirtualAquarium.Policy.Epsilon.mean": {
            "value": 0.19123307786324786,
            "min": 0.19123307786324786,
            "max": 0.19629105115151518,
            "count": 77
        },
        "VirtualAquarium.Policy.Epsilon.sum": {
            "value": 14.916180073333333,
            "min": 10.796007813333334,
            "max": 16.11398522,
            "count": 77
        },
        "VirtualAquarium.Policy.Beta.mean": {
            "value": 0.0004570420815299146,
            "min": 0.0004570420815299146,
            "max": 0.00048182615064242424,
            "count": 77
        },
        "VirtualAquarium.Policy.Beta.sum": {
            "value": 0.03564928235933334,
            "min": 0.026500438285333335,
            "max": 0.03943290035866666,
            "count": 77
        },
        "VirtualAquarium.Environment.EpisodeLength.mean": {
            "value": 46.947867298578196,
            "min": 45.81308411214953,
            "max": 65.38513513513513,
            "count": 77
        },
        "VirtualAquarium.Environment.EpisodeLength.sum": {
            "value": 9906.0,
            "min": 8566.0,
            "max": 10001.0,
            "count": 77
        },
        "VirtualAquarium.Environment.CumulativeReward.mean": {
            "value": 8.29674592656547,
            "min": -2.2959417389366177,
            "max": 15.858680782644727,
            "count": 77
        },
        "VirtualAquarium.Environment.CumulativeReward.sum": {
            "value": 1750.6133905053139,
            "min": -415.56545474752784,
            "max": 2889.2042125463486,
            "count": 77
        },
        "VirtualAquarium.Policy.ExtrinsicReward.mean": {
            "value": 8.29674592656547,
            "min": -2.2959417389366177,
            "max": 15.858680782644727,
            "count": 77
        },
        "VirtualAquarium.Policy.ExtrinsicReward.sum": {
            "value": 1750.6133905053139,
            "min": -415.56545474752784,
            "max": 2889.2042125463486,
            "count": 77
        },
        "VirtualAquarium.IsTraining.mean": {
            "value": 1.0,
            "min": 1.0,
            "max": 1.0,
            "count": 77
        },
        "VirtualAquarium.IsTraining.sum": {
            "value": 1.0,
            "min": 1.0,
            "max": 1.0,
            "count": 77
        }
    },
    "metadata": {
        "timer_format_version": "0.1.0",
        "start_time_seconds": "1638717062",
        "python_version": "3.9.6 (tags/v3.9.6:db3ff76, Jun 28 2021, 15:26:21) [MSC v.1929 64 bit (AMD64)]",
        "command_line_arguments": "C:\\Users\\carlo\\AppData\\Local\\Programs\\Python\\Python39\\Scripts\\mlagents-learn config/VirtualAquarium.yaml --run-id=VirtualAquariumReproducaoFinal2 --resume",
        "mlagents_version": "0.27.0",
        "mlagents_envs_version": "0.27.0",
        "communication_protocol_version": "1.5.0",
        "pytorch_version": "1.7.1+cu110",
        "numpy_version": "1.21.2",
        "end_time_seconds": "1638740207"
    },
    "total": 23145.0075301,
    "count": 1,
    "self": 0.2971928000006301,
    "children": {
        "run_training.setup": {
            "total": 0.08898169999999994,
            "count": 1,
            "self": 0.08898169999999994
        },
        "TrainerController.start_learning": {
            "total": 23144.6213556,
            "count": 1,
            "self": 10.357927898494381,
            "children": {
                "TrainerController._reset_env": {
                    "total": 10.3519401,
                    "count": 1,
                    "self": 10.3519401
                },
                "TrainerController.advance": {
                    "total": 23123.4120299015,
                    "count": 610326,
                    "self": 9.38153229956879,
                    "children": {
                        "env_step": {
                            "total": 20940.153949199306,
                            "count": 610326,
                            "self": 18395.523198598392,
                            "children": {
                                "SubprocessEnvManager._take_step": {
                                    "total": 2537.963755700909,
                                    "count": 610326,
                                    "self": 25.130480300656473,
                                    "children": {
                                        "TorchPolicy.evaluate": {
                                            "total": 2512.8332754002527,
                                            "count": 609180,
                                            "self": 868.8120475993344,
                                            "children": {
                                                "TorchPolicy.sample_actions": {
                                                    "total": 1644.0212278009183,
                                                    "count": 609180,
                                                    "self": 1644.0212278009183
                                                }
                                            }
                                        }
                                    }
                                },
                                "workers": {
                                    "total": 6.6669949000049655,
                                    "count": 610325,
                                    "self": 0.0,