{
    "name": "root",
    "gauges": {
        "VirtualAquarium.Policy.Entropy.mean": {
            "value": 0.5369428396224976,
            "min": 0.40642333030700684,
            "max": 2.5544321537017822,
            "count": 130
        },
        "VirtualAquarium.Policy.Entropy.sum": {
            "value": 5391.97998046875,
            "min": 4078.458251953125,
            "max": 25516.22265625,
            "count": 130
        },
        "VirtualAquarium.Step.mean": {
            "value": 1299978.0,
            "min": 9995.0,
            "max": 1299978.0,
            "count": 130
        },
        "VirtualAquarium.Step.sum": {
            "value": 1299978.0,
            "min": 9995.0,
            "max": 1299978.0,
            "count": 130
        },
        "VirtualAquarium.Policy.ExtrinsicValueEstimate.mean": {
            "value": 11.446904182434082,
            "min": -14.865880012512207,
            "max": 12.246956825256348,
            "count": 130
        },
        "VirtualAquarium.Policy.ExtrinsicValueEstimate.sum": {
            "value": 2163.46484375,
            "min": -2765.0537109375,
            "max": 2410.1083984375,
            "count": 130
        },
        "VirtualAquarium.Losses.PolicyLoss.mean": {
            "value": 0.24239158254675341,
            "min": 0.23456861444220897,
            "max": 0.25420642488298495,
            "count": 130
        },
        "VirtualAquarium.Losses.PolicyLoss.sum": {
            "value": 18.664151856100013,
            "min": 17.592646083165672,
            "max": 20.154020899175443,
            "count": 130
        },
        "VirtualAquarium.Losses.ValueLoss.mean": {
            "value": 0.40924443771090513,
            "min": 0.31385009800609565,
            "max": 162.72962771040147,
            "count": 130
        },
        "VirtualAquarium.Losses.ValueLoss.sum": {
            "value": 31.511821703739695,
            "min": 24.794157742481556,
            "max": 12493.73077613725,
            "count": 130
        },
        "VirtualAquarium.Policy.LearningRate.mean": {
            "value": 0.00027409968525681774,
            "min": 0.00027409968525681774,
            "max": 0.0002998993789945793,
            "count": 130
        },
        "VirtualAquarium.Policy.LearningRate.sum": {
            "value": 0.021105675764774966,
            "min": 0.02086202570599165,
            "max": 0.02370862693712442,
            "count": 130
        },
        "VirtualAquarium.Policy.Epsilon.mean": {
            "value": 0.19136655887445891,
            "min": 0.19136655887445891,
            "max": 0.19996645965367965,
            "count": 130
        },
        "VirtualAquarium.Policy.Epsilon.sum": {
            "value": 14.735225033333336,
            "min": 14.422616679999999,
            "max": 16.00287558,
            "count": 130
        },
        "VirtualAquarium.Policy.Beta.mean": {
            "value": 0.0004576961384848484,
            "min": 0.0004576961384848484,
            "max": 0.0004998356523030303,
            "count": 130
        },
        "VirtualAquarium.Policy.Beta.sum": {
            "value": 0.035242602663333324,
            "min": 0.03483464093133333,
            "max": 0.039534090342,
            "count": 130
        },
        "VirtualAquarium.Environment.EpisodeLength.mean": {
            "value": 127.1923076923077,
            "min": 126.79746835443038,
            "max": 495.9166666666667,
            "count": 130
        },
        "VirtualAquarium.Environment.EpisodeLength.sum": {
            "value": 9921.0,
            "min": 5951.0,
            "max": 13232.0,
            "count": 130
        },
        "VirtualAquarium.Environment.CumulativeReward.mean": {
            "value": 13.733914451310774,
            "min": -59.22333677281212,
            "max": 17.89877070772691,
            "count": 130
        },
        "VirtualAquarium.Environment.CumulativeReward.sum": {
            "value": 1057.5114127509296,
            "min": -2132.040123821236,
            "max": 1235.0151788331568,
            "count": 130
        },
        "VirtualAquarium.Policy.ExtrinsicReward.mean": {
            "value": 13.733914451310774,
            "min": -59.22333677281212,
            "max": 17.89877070772691,
            "count": 130
        },
        "VirtualAquarium.Policy.ExtrinsicReward.sum": {
            "value": 1057.5114127509296,
            "min": -2132.040123821236,
            "max": 1235.0151788331568,
            "count": 130
        },
        "VirtualAquarium.IsTraining.mean": {
            "value": 1.0,
            "min": 1.0,
            "max": 1.0,
            "count": 130
        },
        "VirtualAquarium.IsTraining.sum": {
            "value": 1.0,
            "min": 1.0,
            "max": 1.0,
            "count": 130
        }
    },
    "metadata": {
        "timer_format_version": "0.1.0",
        "start_time_seconds": "1637600424",
        "python_version": "3.9.6 (tags/v3.9.6:db3ff76, Jun 28 2021, 15:26:21) [MSC v.1929 64 bit (AMD64)]",
        "command_line_arguments": "C:\\Users\\carlo\\AppData\\Local\\Programs\\Python\\Python39\\Scripts\\mlagents-learn config/VirtualAquarium.yaml --run-id=VirtualAquariumReproducao3",
        "mlagents_version": "0.27.0",
        "mlagents_envs_version": "0.27.0",
        "communication_protocol_version": "1.5.0",
        "pytorch_version": "1.7.1+cu110",
        "numpy_version": "1.21.2",
        "end_time_seconds": "1637639257"
    },
    "total": 38832.861096500004,
    "count": 1,
    "self": 0.02628790000017034,
    "children": {
        "run_training.setup": {
            "total": 0.06769439999999993,
            "count": 1,
            "self": 0.06769439999999993
        },
        "TrainerController.start_learning": {
            "total": 38832.7671142,
            "count": 1,
            "self": 20.32085340235062,
            "children": {
                "TrainerController._reset_env": {
                    "total": 13.2269866,
                    "count": 1,
                    "self": 13.2269866
                },
                "TrainerController.advance": {
                    "total": 38799.03666409766,
                    "count": 1116169,
                    "self": 17.19438749472465,
                    "children": {
                        "env_step": {
                            "total": 34898.86087020181,
                            "count": 1116169,
                            "self": 29946.3230489029,
                            "children": {
                                "SubprocessEnvManager._take_step": {
                                    "total": 4940.295026797892,
                                    "count": 1116169,
                                    "self": 53.78716079804326,
                                    "children": {
                                        "TorchPolicy.evaluate": {
                                            "total": 4886.507865999849,
                                            "count": 1115486,
                                            "self": 2207.22339259974,
                                            "children": {
                                                "TorchPolicy.sample_actions": {
                                                    "total": 2679.284473400109,
                                                    "count": 1115486,
                                                    "self": 2679.284473400109
                                                }
                                            }
                                        }
                                    }
                                },
                                "workers": {
                                    "total": 12.24279450101562,
                                    "count": 1116168,
                                    "self": 0.0,