{"count":1,"self":17224.392703999998,"total":24581.100480499998,"children":{"InitializeActuators":{"count":1,"self":0.001001,"total":0.001001,"children":null},"InitializeSensors":{"count":1,"self":0.0020020999999999997,"total":0.0020020999999999997,"children":null},"AgentSendState":{"count":67986004,"self":560.51712,"total":598.0615204,"children":{"CollectObservations":{"count":1249982,"self":2.0410635999999998,"total":2.0410635999999998,"children":null},"WriteActionMask":{"count":1249982,"self":0.9457447,"total":0.9457447,"children":null},"RequestDecision":{"count":1249982,"self":5.0424479999999994,"total":34.5575755,"children":{"AgentInfo.ToProto":{"count":1249982,"self":4.6797236,"total":29.5151275,"children":{"GenerateSensorData":{"count":1249982,"self":23.0048112,"total":24.8354039,"children":{"RayPerceptionSensor.Perceive":{"count":1249982,"self":1.8305934,"total":1.8305934,"children":null}}}}}}}}},"DecideAction":{"count":67986004,"self":6724.8369663999993,"total":6724.8368535,"children":null},"AgentAct":{"count":67986004,"self":33.7276288,"total":33.7546573,"children":{"AgentInfo.ToProto":{"count":945,"self":0.0070072999999999993,"total":0.0270299,"children":{"GenerateSensorData":{"count":945,"self":0.020022599999999998,"total":0.020022599999999998,"children":{"RayPerceptionSensor.Perceive":{"count":945,"self":0,"total":0,"children":null}}}}}}},"AgentInfo.ToProto":{"count":2023,"self":0.0040051999999999996,"total":0.050206,"children":{"GenerateSensorData":{"count":2023,"self":0.0440225,"total":0.0462008,"children":{"RayPerceptionSensor.Perceive":{"count":2023,"self":0.0021782999999999998,"total":0.0021782999999999998,"children":null}}}}}},"gauges":{"VirtualAquarium.CumulativeReward":{"count":2968,"max":17.2883263,"min":-299.906,"runningAverage":-203.150589,"value":1.19399178,"weightedAverage":0.5430428}},"metadata":{"timer_format_version":"0.1.0","start_time_seconds":"1633624633","unity_version":"2021.1.18f1","command_line_arguments":"C:\\Program Files\\Unity\\Hub\\Editor\\2021.1.18f1\\Editor\\Unity.exe -projectpath E:\/Workspace\/Others\/tcc_CarlosEduardoMachado\/VirtualAquarium -useHub -hubIPC -cloudEnvironment production -hubSessionId 826730b0-2568-11ec-a06a-b583372e1700 -accessToken UNm4Y3AMzOPXawBAMT8oUDMrfCmb2X1CCbbX7E2u3ns004f","communication_protocol_version":"1.5.0","com.unity.ml-agents_version":"2.1.0-exp.1","scene_name":"SimulationScene","end_time_seconds":"1633649214"}}