{"count":1,"self":16175.0269952,"total":23140.7050389,"children":{"InitializeActuators":{"count":10,"self":0.001001,"total":0.001001,"children":null},"InitializeSensors":{"count":10,"self":0.0020017999999999998,"total":0.0020017999999999998,"children":null},"AgentSendState":{"count":25173368,"self":140.9221504,"total":199.2128323,"children":{"CollectObservations":{"count":772538,"self":4.2673128,"total":4.2673127,"children":null},"WriteActionMask":{"count":772538,"self":2.814046,"total":2.8140460999999997,"children":null},"RequestDecision":{"count":772538,"self":9.4482672,"total":51.2093239,"children":{"AgentInfo.ToProto":{"count":772538,"self":7.5479968,"total":41.761057,"children":{"GenerateSensorData":{"count":772538,"self":30.279888,"total":34.213060399999996,"children":{"RayPerceptionSensor.Perceive":{"count":772538,"self":3.9331731999999997,"total":3.9331731999999997,"children":null}}}}}}}}},"DecideAction":{"count":25173368,"self":6595.9862272,"total":6595.9862524,"children":null},"AgentAct":{"count":25173368,"self":169.6058112,"total":170.3076822,"children":{"AgentInfo.ToProto":{"count":11777,"self":0.116459,"total":0.7018681,"children":{"GenerateSensorData":{"count":11777,"self":0.52322439999999992,"total":0.5854091,"children":{"RayPerceptionSensor.Perceive":{"count":11777,"self":0.062184699999999996,"total":0.062184699999999996,"children":null}}}}}}},"AgentInfo.ToProto":{"count":1782,"self":0.0160155,"total":0.0981417,"children":{"GenerateSensorData":{"count":1782,"self":0.0741159,"total":0.0821262,"children":{"RayPerceptionSensor.Perceive":{"count":1782,"self":0.0080103,"total":0.0080103,"children":null}}}}}},"gauges":{"VirtualAquarium.CumulativeReward":{"count":13559,"max":26.84847,"min":-109.470917,"runningAverage":8.604802,"value":19.9359722,"weightedAverage":18.6810684}},"metadata":{"timer_format_version":"0.1.0","start_time_seconds":"1638717069","unity_version":"2021.1.18f1","command_line_arguments":"C:\\Program Files\\Unity\\Hub\\Editor\\2021.1.18f1\\Editor\\Unity.exe -projectpath E:\/Workspace\/Others\/tcc_CarlosEduardoMachado\/VirtualAquarium -useHub -hubIPC -cloudEnvironment production -hubSessionId 7cb511c0-5252-11ec-92d8-b9d2eb15634a -accessToken LvogrUvrQ4obu8KeWeetLIWpdZi5ae81MdPdRVDV6Pc004f","communication_protocol_version":"1.5.0","com.unity.ml-agents_version":"2.1.0-exp.1","scene_name":"SimulationScene","end_time_seconds":"1638740207"}}