{"count":1,"self":1935.4722304,"total":3322.4654118999997,"children":{"InitializeActuators":{"count":10,"self":0.0010004,"total":0.0010004,"children":null},"InitializeSensors":{"count":10,"self":0.0040033,"total":0.0040033,"children":null},"AgentSendState":{"count":6403001,"self":36.5988768,"total":49.0922658,"children":{"CollectObservations":{"count":168115,"self":0.8876944,"total":0.8876944,"children":null},"WriteActionMask":{"count":168115,"self":0.607623,"total":0.607623,"children":null},"RequestDecision":{"count":168115,"self":1.9965917999999998,"total":10.9980704,"children":{"AgentInfo.ToProto":{"count":168115,"self":1.68135,"total":9.0014786,"children":{"GenerateSensorData":{"count":168115,"self":6.532184,"total":7.3201285,"children":{"RayPerceptionSensor.Perceive":{"count":168115,"self":0.78794449999999994,"total":0.78794449999999994,"children":null}}}}}}}}},"DecideAction":{"count":6403001,"self":1309.5083008,"total":1309.50832,"children":null},"AgentAct":{"count":6403001,"self":28.184511999999998,"total":28.3555782,"children":{"AgentInfo.ToProto":{"count":2987,"self":0.0309773,"total":0.1710672,"children":{"GenerateSensorData":{"count":2987,"self":0.12107079999999999,"total":0.1400899,"children":{"RayPerceptionSensor.Perceive":{"count":2987,"self":0.0190191,"total":0.0190191,"children":null}}}}}}},"AgentInfo.ToProto":{"count":621,"self":0.0040028,"total":0.031030799999999997,"children":{"GenerateSensorData":{"count":621,"self":0.026027099999999997,"total":0.027028,"children":{"RayPerceptionSensor.Perceive":{"count":621,"self":0.0010008999999999999,"total":0.0010008999999999999,"children":null}}}}}},"gauges":{"VirtualAquarium.CumulativeReward":{"count":3608,"max":21.26112,"min":-51.8340034,"runningAverage":2.82800412,"value":12.0781794,"weightedAverage":6.72426128}},"metadata":{"timer_format_version":"0.1.0","start_time_seconds":"1638381865","unity_version":"2021.1.18f1","command_line_arguments":"C:\\Program Files\\Unity\\Hub\\Editor\\2021.1.18f1\\Editor\\Unity.exe -projectpath E:\/Workspace\/Others\/tcc_CarlosEduardoMachado\/VirtualAquarium -useHub -hubIPC -cloudEnvironment production -hubSessionId 7cb511c0-5252-11ec-92d8-b9d2eb15634a -accessToken wBBv6-CWtjKe2d9bY9NBBCZdQmti2PVmA10TWIdkPt8004f","communication_protocol_version":"1.5.0","com.unity.ml-agents_version":"2.1.0-exp.1","scene_name":"SimulationScene","end_time_seconds":"1638385187"}}