{"count":1,"self":45042.3488512,"total":69777.1149052,"children":{"InitializeActuators":{"count":6,"self":0.001001,"total":0.001001,"children":null},"InitializeSensors":{"count":6,"self":0.0020019,"total":0.0020019,"children":null},"AgentSendState":{"count":139613024,"self":1025.5643648,"total":1250.3543419,"children":{"CollectObservations":{"count":3000739,"self":16.7064208,"total":16.706420299999998,"children":null},"WriteActionMask":{"count":3000739,"self":11.014384,"total":11.014384399999999,"children":null},"RequestDecision":{"count":3000739,"self":36.0860512,"total":197.0691616,"children":{"AgentInfo.ToProto":{"count":3000739,"self":28.0291456,"total":160.9831115,"children":{"GenerateSensorData":{"count":3000739,"self":117.31315199999999,"total":132.95396739999998,"children":{"RayPerceptionSensor.Perceive":{"count":3000739,"self":15.6408112,"total":15.640811399999999,"children":null}}}}}}}}},"DecideAction":{"count":139613024,"self":23135.6055552,"total":23135.605550599998,"children":null},"AgentAct":{"count":139613024,"self":347.7895168,"total":348.7069208,"children":{"AgentInfo.ToProto":{"count":15877,"self":0.1731701,"total":0.9173964,"children":{"GenerateSensorData":{"count":15877,"self":0.65808959999999994,"total":0.7442263,"children":{"RayPerceptionSensor.Perceive":{"count":15877,"self":0.0861367,"total":0.0861367,"children":null}}}}}}},"AgentInfo.ToProto":{"count":1574,"self":0.0210206,"total":0.091096799999999992,"children":{"GenerateSensorData":{"count":1574,"self":0.0640699,"total":0.070076199999999991,"children":{"RayPerceptionSensor.Perceive":{"count":1574,"self":0.0060063,"total":0.0060063,"children":null}}}}}},"gauges":{"VirtualAquarium.CumulativeReward":{"count":17451,"max":29.04283,"min":-123.696991,"runningAverage":0.4880471,"value":9.607036,"weightedAverage":-2.57156587}},"metadata":{"timer_format_version":"0.1.0","start_time_seconds":"1637645454","unity_version":"2021.1.18f1","command_line_arguments":"C:\\Program Files\\Unity\\Hub\\Editor\\2021.1.18f1\\Editor\\Unity.exe -projectPath E:\\Workspace\\Others\\tcc_CarlosEduardoMachado\\VirtualAquarium","communication_protocol_version":"1.5.0","com.unity.ml-agents_version":"2.1.0-exp.1","scene_name":"SimulationScene","end_time_seconds":"1637715230"}}