{"count":1,"self":11848.238694399999,"total":21949.2826822,"children":{"InitializeActuators":{"count":10,"self":0.0010008,"total":0.0010008,"children":null},"InitializeSensors":{"count":10,"self":0.0070060999999999995,"total":0.0070060999999999995,"children":null},"AgentSendState":{"count":46363820,"self":274.9028864,"total":369.2691369,"children":{"CollectObservations":{"count":1438847,"self":7.0840559999999995,"total":7.0840556,"children":null},"WriteActionMask":{"count":1438847,"self":4.7009244,"total":4.7009243,"children":null},"RequestDecision":{"count":1438847,"self":15.0702816,"total":82.5812706,"children":{"AgentInfo.ToProto":{"count":1438847,"self":11.8010696,"total":67.5109883,"children":{"GenerateSensorData":{"count":1438847,"self":48.7287872,"total":55.709918699999996,"children":{"RayPerceptionSensor.Perceive":{"count":1438847,"self":6.9811304,"total":6.9811305999999993,"children":null}}}}}}}}},"DecideAction":{"count":46363820,"self":9599.4961919999987,"total":9599.4963575,"children":null},"AgentAct":{"count":46363820,"self":130.9307776,"total":131.9438489,"children":{"AgentInfo.ToProto":{"count":20563,"self":0.1591536,"total":1.0130746,"children":{"GenerateSensorData":{"count":20563,"self":0.7648336,"total":0.85392099999999993,"children":{"RayPerceptionSensor.Perceive":{"count":20563,"self":0.0890874,"total":0.0890874,"children":null}}}}}}},"AgentInfo.ToProto":{"count":6598,"self":0.0711014,"total":0.3254002,"children":{"GenerateSensorData":{"count":6598,"self":0.2213031,"total":0.2542988,"children":{"RayPerceptionSensor.Perceive":{"count":6598,"self":0.032995699999999996,"total":0.032995699999999996,"children":null}}}}}},"gauges":{"VirtualAquarium.CumulativeReward":{"count":27161,"max":26.8243084,"min":-146.2376,"runningAverage":-14.9047976,"value":8.813028,"weightedAverage":-7.56936932}},"metadata":{"timer_format_version":"0.1.0","start_time_seconds":"1638333785","unity_version":"2021.1.18f1","command_line_arguments":"C:\\Program Files\\Unity\\Hub\\Editor\\2021.1.18f1\\Editor\\Unity.exe -projectPath E:\\Workspace\\Others\\tcc_CarlosEduardoMachado\\VirtualAquarium","communication_protocol_version":"1.5.0","com.unity.ml-agents_version":"2.1.0-exp.1","scene_name":"SimulationScene","end_time_seconds":"1638355734"}}