{"count":1,"self":27083.7989376,"total":38825.581860599996,"children":{"InitializeActuators":{"count":6,"self":0.0010004999999999999,"total":0.0010004999999999999,"children":null},"InitializeSensors":{"count":6,"self":0.0020019,"total":0.0020019,"children":null},"AgentSendState":{"count":64281337,"self":126.39559679999999,"total":172.5754854,"children":{"CollectObservations":{"count":1301298,"self":2.3975714,"total":2.3975714,"children":null},"WriteActionMask":{"count":1301298,"self":1.4548466999999998,"total":1.4548466999999998,"children":null},"RequestDecision":{"count":1301298,"self":6.9848767999999994,"total":42.3274742,"children":{"AgentInfo.ToProto":{"count":1301298,"self":5.95778,"total":35.342597,"children":{"GenerateSensorData":{"count":1301298,"self":26.711595199999998,"total":29.384816999999998,"children":{"RayPerceptionSensor.Perceive":{"count":1301298,"self":2.6732218,"total":2.6732218,"children":null}}}}}}}}},"DecideAction":{"count":64281337,"self":11516.3103232,"total":11516.3106115,"children":null},"AgentAct":{"count":64281337,"self":52.6579872,"total":52.874724,"children":{"AgentInfo.ToProto":{"count":7465,"self":0.041788599999999995,"total":0.21673589999999998,"children":{"GenerateSensorData":{"count":7465,"self":0.16243259999999998,"total":0.1749473,"children":{"RayPerceptionSensor.Perceive":{"count":7465,"self":0.0125147,"total":0.0125147,"children":null}}}}}}},"AgentInfo.ToProto":{"count":451,"self":0.0030038,"total":0.0140156,"children":{"GenerateSensorData":{"count":451,"self":0.0100109,"total":0.011011799999999999,"children":{"RayPerceptionSensor.Perceive":{"count":451,"self":0.0010008999999999999,"total":0.0010008999999999999,"children":null}}}}}},"gauges":{"VirtualAquarium.CumulativeReward":{"count":7916,"max":32.0791931,"min":-131.771774,"runningAverage":5.57473946,"value":26.857954,"weightedAverage":24.6655655}},"metadata":{"timer_format_version":"0.1.0","start_time_seconds":"1637600433","unity_version":"2021.1.18f1","command_line_arguments":"C:\\Program Files\\Unity\\Hub\\Editor\\2021.1.18f1\\Editor\\Unity.exe -projectPath E:\\Workspace\\Others\\tcc_CarlosEduardoMachado\\VirtualAquarium","communication_protocol_version":"1.5.0","com.unity.ml-agents_version":"2.1.0-exp.1","scene_name":"SimulationScene","end_time_seconds":"1637639257"}}