{"count":1,"self":83140.3851776,"total":99561.3664358,"children":{"InitializeActuators":{"count":2,"self":0.0010008999999999999,"total":0.0010008999999999999,"children":null},"InitializeSensors":{"count":2,"self":0.0010007,"total":0.0010007,"children":null},"AgentSendState":{"count":482762259,"self":654.4829952,"total":729.37462629999993,"children":{"CollectObservations":{"count":1894070,"self":3.5532711999999997,"total":3.5532711,"children":null},"WriteActionMask":{"count":1894070,"self":2.6378942,"total":2.6378942,"children":null},"RequestDecision":{"count":1894070,"self":10.1291744,"total":68.700453,"children":{"AgentInfo.ToProto":{"count":1894070,"self":9.4722224,"total":58.571278899999996,"children":{"GenerateSensorData":{"count":1894070,"self":44.8901696,"total":49.0990562,"children":{"RayPerceptionSensor.Perceive":{"count":1894070,"self":4.2088876,"total":4.2088877,"children":null}}}}}}}}},"DecideAction":{"count":482762259,"self":15428.997939199999,"total":15428.9977545,"children":null},"AgentAct":{"count":482762259,"self":261.9875328,"total":262.5974349,"children":{"AgentInfo.ToProto":{"count":19049,"self":0.1181134,"total":0.60990919999999993,"children":{"GenerateSensorData":{"count":19049,"self":0.45676029999999995,"total":0.4917958,"children":{"RayPerceptionSensor.Perceive":{"count":19049,"self":0.0350355,"total":0.0350355,"children":null}}}}}}},"AgentInfo.ToProto":{"count":378,"self":0.0010008999999999999,"total":0.011013799999999999,"children":{"GenerateSensorData":{"count":378,"self":0.0090115,"total":0.0100129,"children":{"RayPerceptionSensor.Perceive":{"count":378,"self":0.0010014,"total":0.0010014,"children":null}}}}}},"gauges":{"VirtualAquarium.CumulativeReward":{"count":19427,"max":13.9174376,"min":-354.8377,"runningAverage":3.34172535,"value":10.8678865,"weightedAverage":11.2821522}},"metadata":{"timer_format_version":"0.1.0","start_time_seconds":"1635350276","unity_version":"2021.1.18f1","command_line_arguments":"C:\\Program Files\\Unity\\Hub\\Editor\\2021.1.18f1\\Editor\\Unity.exe -projectpath E:\/Workspace\/Others\/tcc_CarlosEduardoMachado\/VirtualAquarium -useHub -hubIPC -cloudEnvironment production -hubSessionId b41b5090-3608-11ec-80cf-93476bb7a203 -accessToken _uqbYxSKavqBnN8jo31W9mGVTtHIRGEsFH7Frl0xfOQ004f","communication_protocol_version":"1.5.0","com.unity.ml-agents_version":"2.1.0-exp.1","scene_name":"SimulationScene","end_time_seconds":"1635449837"}}