{"count":1,"self":37740.0000512,"total":45687.7132404,"children":{"InitializeActuators":{"count":2,"self":0.0010008999999999999,"total":0.0010008999999999999,"children":null},"InitializeSensors":{"count":2,"self":0.0010015,"total":0.0010015,"children":null},"AgentSendState":{"count":234843213,"self":325.5324672,"total":363.485167,"children":{"CollectObservations":{"count":1156019,"self":1.9332382,"total":1.9332382,"children":null},"WriteActionMask":{"count":1156019,"self":1.2060226,"total":1.2060226,"children":null},"RequestDecision":{"count":1156019,"self":5.3107216,"total":34.8134425,"children":{"AgentInfo.ToProto":{"count":1156019,"self":4.6286448,"total":29.502720699999998,"children":{"GenerateSensorData":{"count":1156019,"self":22.6326128,"total":24.874075899999998,"children":{"RayPerceptionSensor.Perceive":{"count":1156019,"self":2.2414624,"total":2.2414624,"children":null}}}}}}}}},"DecideAction":{"count":234843213,"self":7467.065344,"total":7467.0650333999993,"children":null},"AgentAct":{"count":234843213,"self":116.9367808,"total":117.1445225,"children":{"AgentInfo.ToProto":{"count":9134,"self":0.0350337,"total":0.20773709999999998,"children":{"GenerateSensorData":{"count":9134,"self":0.1566902,"total":0.17270339999999998,"children":{"RayPerceptionSensor.Perceive":{"count":9134,"self":0.0160132,"total":0.0160132,"children":null}}}}}}},"AgentInfo.ToProto":{"count":434,"self":0.0050041,"total":0.017019199999999998,"children":{"GenerateSensorData":{"count":434,"self":0.0100126,"total":0.012015099999999999,"children":{"RayPerceptionSensor.Perceive":{"count":434,"self":0.0020025,"total":0.0020025,"children":null}}}}}},"gauges":{"VirtualAquarium.CumulativeReward":{"count":9568,"max":13.0094519,"min":-352.515228,"runningAverage":-6.748543,"value":12.4500923,"weightedAverage":10.5781736}},"metadata":{"timer_format_version":"0.1.0","start_time_seconds":"1635286421","unity_version":"2021.1.18f1","command_line_arguments":"C:\\Program Files\\Unity\\Hub\\Editor\\2021.1.18f1\\Editor\\Unity.exe -projectpath E:\/Workspace\/Others\/tcc_CarlosEduardoMachado\/VirtualAquarium -useHub -hubIPC -cloudEnvironment production -hubSessionId b41b5090-3608-11ec-80cf-93476bb7a203 -accessToken iDZDKMZftCpgbxbJDZE5SA9D54yigfdCJNtWoIYHSHc004f","communication_protocol_version":"1.5.0","com.unity.ml-agents_version":"2.1.0-exp.1","scene_name":"SimulationScene","end_time_seconds":"1635332109"}}