{
    "name": "root",
    "gauges": {
        "VirtualAquarium.Policy.Entropy.mean": {
            "value": 0.7312152981758118,
            "min": 0.5618298649787903,
            "max": 1.8340035676956177,
            "count": 36
        },
        "VirtualAquarium.Policy.Entropy.sum": {
            "value": 7352.3701171875,
            "min": 5611.556640625,
            "max": 18633.4765625,
            "count": 36
        },
        "VirtualAquarium.Step.mean": {
            "value": 469969.0,
            "min": 119963.0,
            "max": 469969.0,
            "count": 36
        },
        "VirtualAquarium.Step.sum": {
            "value": 469969.0,
            "min": 119963.0,
            "max": 469969.0,
            "count": 36
        },
        "VirtualAquarium.Policy.ExtrinsicValueEstimate.mean": {
            "value": -3.7293124198913574,
            "min": -26.189992904663086,
            "max": 9.636874198913574,
            "count": 36
        },
        "VirtualAquarium.Policy.ExtrinsicValueEstimate.sum": {
            "value": -835.365966796875,
            "min": -5757.9130859375,
            "max": 2120.1123046875,
            "count": 36
        },
        "VirtualAquarium.Losses.PolicyLoss.mean": {
            "value": 0.23510176486630127,
            "min": 0.2337767540425907,
            "max": 0.2466529264057127,
            "count": 36
        },
        "VirtualAquarium.Losses.PolicyLoss.sum": {
            "value": 19.043242954170402,
            "min": 16.329806354861223,
            "max": 19.97888703886273,
            "count": 36
        },
        "VirtualAquarium.Losses.ValueLoss.mean": {
            "value": 176.95806577664536,
            "min": 74.75175579566098,
            "max": 276.5549509375696,
            "count": 36
        },
        "VirtualAquarium.Losses.ValueLoss.sum": {
            "value": 14333.603327908275,
            "min": 6054.892219448539,
            "max": 21571.286173130426,
            "count": 36
        },
        "VirtualAquarium.Policy.LearningRate.mean": {
            "value": 0.0002907000105074049,
            "min": 0.0002907000105074049,
            "max": 0.00029768703927844983,
            "count": 36
        },
        "VirtualAquarium.Policy.LearningRate.sum": {
            "value": 0.0235467008510998,
            "min": 0.01994503163165614,
            "max": 0.024065182318272586,
            "count": 36
        },
        "VirtualAquarium.Policy.Epsilon.mean": {
            "value": 0.19690000246913578,
            "min": 0.19690000246913578,
            "max": 0.1992290128358209,
            "count": 36
        },
        "VirtualAquarium.Policy.Epsilon.sum": {
            "value": 15.948900199999999,
            "min": 13.34834386,
            "max": 16.121727413333335,
            "count": 36
        },
        "VirtualAquarium.Policy.Beta.mean": {
            "value": 0.00048481001209876547,
            "min": 0.00048481001209876547,
            "max": 0.0004962221628955222,
            "count": 36
        },
        "VirtualAquarium.Policy.Beta.sum": {
            "value": 0.03926961098,
            "min": 0.03324688491399999,
            "max": 0.04011646432533333,
            "count": 36
        },
        "VirtualAquarium.Environment.EpisodeLength.mean": {
            "value": 53.494565217391305,
            "min": 53.494565217391305,
            "max": 94.3644859813084,
            "count": 36
        },
        "VirtualAquarium.Environment.EpisodeLength.sum": {
            "value": 9843.0,
            "min": 9008.0,
            "max": 10249.0,
            "count": 36
        },
        "VirtualAquarium.Environment.CumulativeReward.mean": {
            "value": -5.592069158771546,
            "min": -36.7453612373143,
            "max": 0.42536067578866144,
            "count": 36
        },
        "VirtualAquarium.Environment.CumulativeReward.sum": {
            "value": -1028.9407252139645,
            "min": -5070.859850749373,
            "max": 76.1395609661704,
            "count": 36
        },
        "VirtualAquarium.Policy.ExtrinsicReward.mean": {
            "value": -5.592069158771546,
            "min": -36.7453612373143,
            "max": 0.42536067578866144,
            "count": 36
        },
        "VirtualAquarium.Policy.ExtrinsicReward.sum": {
            "value": -1028.9407252139645,
            "min": -5070.859850749373,
            "max": 76.1395609661704,
            "count": 36
        },
        "VirtualAquarium.IsTraining.mean": {
            "value": 1.0,
            "min": 1.0,
            "max": 1.0,
            "count": 36
        },
        "VirtualAquarium.IsTraining.sum": {
            "value": 1.0,
            "min": 1.0,
            "max": 1.0,
            "count": 36
        }
    },
    "metadata": {
        "timer_format_version": "0.1.0",
        "start_time_seconds": "1638300410",
        "python_version": "3.9.6 (tags/v3.9.6:db3ff76, Jun 28 2021, 15:26:21) [MSC v.1929 64 bit (AMD64)]",
        "command_line_arguments": "C:\\Users\\carlo\\AppData\\Local\\Programs\\Python\\Python39\\Scripts\\mlagents-learn config/VirtualAquarium.yaml --run-id=VirtualAquariumReproducao8 --resume",
        "mlagents_version": "0.27.0",
        "mlagents_envs_version": "0.27.0",
        "communication_protocol_version": "1.5.0",
        "pytorch_version": "1.7.1+cu110",
        "numpy_version": "1.21.2",
        "end_time_seconds": "1638305869"
    },
    "total": 5459.2846606,
    "count": 1,
    "self": 0.003371300000253541,
    "children": {
        "run_training.setup": {
            "total": 0.08768839999999989,
            "count": 1,
            "self": 0.08768839999999989
        },
        "TrainerController.start_learning": {
            "total": 5459.1936009,
            "count": 1,
            "self": 4.524564500208726,
            "children": {
                "TrainerController._reset_env": {
                    "total": 4.8022953,
                    "count": 1,
                    "self": 4.8022953
                },
                "TrainerController.advance": {
                    "total": 5449.654272499792,
                    "count": 273789,
                    "self": 4.077875899779428,
                    "children": {
                        "env_step": {
                            "total": 4640.704097499939,
                            "count": 273789,
                            "self": 3804.024529499712,
                            "children": {
                                "SubprocessEnvManager._take_step": {
                                    "total": 833.969390500102,
                                    "count": 273789,
                                    "self": 10.961496100151408,
                                    "children": {
                                        "TorchPolicy.evaluate": {
                                            "total": 823.0078943999506,
                                            "count": 273288,
                                            "self": 290.84424949996674,
                                            "children": {
                                                "TorchPolicy.sample_actions": {
                                                    "total": 532.1636448999839,
                                                    "count": 273288,
                                                    "self": 532.1636448999839
                                                }
                                            }
                                        }
                                    }
                                },
                                "workers": {
                                    "total": 2.7101775001251776,
                                    "count": 273788,
                                    "self": 0.0,