{
    "name": "root",
    "gauges": {
        "VirtualAquarium.Policy.Entropy.mean": {
            "value": -1.1413905620574951,
            "min": -1.279943585395813,
            "max": 2.4284021854400635,
            "count": 644
        },
        "VirtualAquarium.Policy.Entropy.sum": {
            "value": -11331.7255859375,
            "min": -12794.31640625,
            "max": 24917.8359375,
            "count": 644
        },
        "VirtualAquarium.Environment.EpisodeLength.mean": {
            "value": 203.16666666666666,
            "min": 133.27272727272728,
            "max": 509.14285714285717,
            "count": 644
        },
        "VirtualAquarium.Environment.EpisodeLength.sum": {
            "value": 9752.0,
            "min": 8271.0,
            "max": 11312.0,
            "count": 644
        },
        "VirtualAquarium.Step.mean": {
            "value": 6439985.0,
            "min": 9984.0,
            "max": 6439985.0,
            "count": 644
        },
        "VirtualAquarium.Step.sum": {
            "value": 6439985.0,
            "min": 9984.0,
            "max": 6439985.0,
            "count": 644
        },
        "VirtualAquarium.Policy.ExtrinsicValueEstimate.mean": {
            "value": 6.796119213104248,
            "min": -23.976818084716797,
            "max": 10.196822166442871,
            "count": 644
        },
        "VirtualAquarium.Policy.ExtrinsicValueEstimate.sum": {
            "value": 1304.8548583984375,
            "min": -4483.6650390625,
            "max": 1947.593017578125,
            "count": 644
        },
        "VirtualAquarium.Environment.CumulativeReward.mean": {
            "value": 13.525531283317212,
            "min": -47.562788435751855,
            "max": 20.963282643351704,
            "count": 644
        },
        "VirtualAquarium.Environment.CumulativeReward.sum": {
            "value": 635.699970315909,
            "min": -2645.4828576147556,
            "max": 1006.2375668808818,
            "count": 644
        },
        "VirtualAquarium.Policy.ExtrinsicReward.mean": {
            "value": 13.525531283317212,
            "min": -47.562788435751855,
            "max": 20.963282643351704,
            "count": 644
        },
        "VirtualAquarium.Policy.ExtrinsicReward.sum": {
            "value": 635.699970315909,
            "min": -2645.4828576147556,
            "max": 1006.2375668808818,
            "count": 644
        },
        "VirtualAquarium.Losses.PolicyLoss.mean": {
            "value": 0.2461971498763056,
            "min": 0.23305275525269434,
            "max": 0.25898775830755866,
            "count": 644
        },
        "VirtualAquarium.Losses.PolicyLoss.sum": {
            "value": 18.710983390599225,
            "min": 17.25547276623343,
            "max": 20.244664992963536,
            "count": 644
        },
        "VirtualAquarium.Losses.ValueLoss.mean": {
            "value": 22.022098062807146,
            "min": 0.6626122437969868,
            "max": 295.5500644937686,
            "count": 644
        },
        "VirtualAquarium.Losses.ValueLoss.sum": {
            "value": 1673.679452773343,
            "min": 51.02114277236799,
            "max": 23052.905030513954,
            "count": 644
        },
        "VirtualAquarium.Policy.LearningRate.mean": {
            "value": 0.00017129825290059666,
            "min": 0.00017129825290059666,
            "max": 0.00029989940496859664,
            "count": 644
        },
        "VirtualAquarium.Policy.LearningRate.sum": {
            "value": 0.013018667220445347,
            "min": 0.012877505627499194,
            "max": 0.023628849303716896,
            "count": 644
        },
        "VirtualAquarium.Policy.Epsilon.mean": {
            "value": 0.15709940333333333,
            "min": 0.15709940333333333,
            "max": 0.1999664683116883,
            "count": 644
        },
        "VirtualAquarium.Policy.Epsilon.sum": {
            "value": 11.939554653333333,
            "min": 11.6143003,
            "max": 15.776283093333335,
            "count": 644
        },
        "VirtualAquarium.Policy.Beta.mean": {
            "value": 0.0002897870763333334,
            "min": 0.0002897870763333334,
            "max": 0.0004998356947272728,
            "count": 644
        },
        "VirtualAquarium.Policy.Beta.sum": {
            "value": 0.022023817801333338,
            "min": 0.02178325395266667,
            "max": 0.03938378715733333,
            "count": 644
        },
        "VirtualAquarium.IsTraining.mean": {
            "value": 1.0,
            "min": 1.0,
            "max": 1.0,
            "count": 644
        },
        "VirtualAquarium.IsTraining.sum": {
            "value": 1.0,
            "min": 1.0,
            "max": 1.0,
            "count": 644
        }
    },
    "metadata": {
        "timer_format_version": "0.1.0",
        "start_time_seconds": "1637809725",
        "python_version": "3.9.6 (tags/v3.9.6:db3ff76, Jun 28 2021, 15:26:21) [MSC v.1929 64 bit (AMD64)]",
        "command_line_arguments": "C:\\Users\\carlo\\AppData\\Local\\Programs\\Python\\Python39\\Scripts\\mlagents-learn config/VirtualAquarium.yaml --run-id=VirtualAquariumReproducao5 --force",
        "mlagents_version": "0.27.0",
        "mlagents_envs_version": "0.27.0",
        "communication_protocol_version": "1.5.0",
        "pytorch_version": "1.7.1+cu110",
        "numpy_version": "1.21.2",
        "end_time_seconds": "1637932369"
    },
    "total": 122643.9061775,
    "count": 1,
    "self": 0.022627900005318224,
    "children": {
        "run_training.setup": {
            "total": 0.0704787,
            "count": 1,
            "self": 0.0704787
        },
        "TrainerController.start_learning": {
            "total": 122643.8130709,
            "count": 1,
            "self": 91.70532078971155,
            "children": {
                "TrainerController._reset_env": {
                    "total": 32.782471900000004,
                    "count": 1,
                    "self": 32.782471900000004
                },
                "TrainerController.advance": {
                    "total": 122518.90111611028,
                    "count": 5299398,
                    "self": 83.30270048558305,
                    "children": {
                        "env_step": {
                            "total": 105876.44149641752,
                            "count": 5299398,
                            "self": 86745.24745654193,
                            "children": {
                                "SubprocessEnvManager._take_step": {
                                    "total": 19075.141962789065,
                                    "count": 5299398,
                                    "self": 227.47034598234677,
                                    "children": {
                                        "TorchPolicy.evaluate": {
                                            "total": 18847.671616806718,
                                            "count": 5296291,
                                            "self": 7631.05912659635,
                                            "children": {
                                                "TorchPolicy.sample_actions": {
                                                    "total": 11216.612490210367,
                                                    "count": 5296291,
                                                    "self": 11216.612490210367
                                                }
                                            }
                                        }
                                    }
                                },
                                "workers": {
                                    "total": 56.05207708652801,
                                    "count": 5299397,
                                    "self": 0.0,